INSERT INTO roles (id, name, display_name, description, level, system_created) VALUES (1, 'Super Admin', 'Super Administrator', 'Quyền tối cao hệ thống', 10, true);
INSERT INTO roles (id, name, display_name, description, level, system_created) VALUES (2, 'Admin', 'Administrator', 'Quản trị viên hệ thống', 9, true);
INSERT INTO roles (id, name, display_name, description, level, system_created) VALUES (3, 'Moderator', 'Moderator', 'Người kiểm duyệt nội dung', 8, true);
INSERT INTO roles (id, name, display_name, description, level, system_created) VALUES (4, 'School', 'School Representative', 'Đại diện Trường học THPT', 7, true);
INSERT INTO roles (id, name, display_name, description, level, system_created) VALUES (5, 'University', 'University Representative', 'Đại diện Trường Đại học', 7, true);
INSERT INTO roles (id, name, display_name, description, level, system_created) VALUES (6, 'Business', 'Business Partner', 'Doanh nghiệp tuyển dụng/tài trợ', 6, true);
INSERT INTO roles (id, name, display_name, description, level, system_created) VALUES (7, 'Sponsor', 'Sponsor', 'Nhà tài trợ quỹ học tập', 5, true);
INSERT INTO roles (id, name, display_name, description, level, system_created) VALUES (8, 'Teacher', 'Teacher', 'Giáo viên/Giảng viên', 4, true);
INSERT INTO roles (id, name, display_name, description, level, system_created) VALUES (9, 'Mentor', 'Mentor', 'Người hướng dẫn/Tư vấn học tập', 4, true);
INSERT INTO roles (id, name, display_name, description, level, system_created) VALUES (10, 'Volunteer', 'Volunteer', 'Tình nguyện viên xanh', 3, true);
INSERT INTO roles (id, name, display_name, description, level, system_created) VALUES (11, 'Student', 'Student', 'Học sinh/Sinh viên - Người dùng chính', 2, true);
INSERT INTO roles (id, name, display_name, description, level, system_created) VALUES (12, 'Guest', 'Guest', 'Khách vãng lai', 1, true);
INSERT INTO permissions (id, name, resource, action, description) VALUES (1, 'PERM_CREATE', 'resource_0', 'CREATE', 'Allow CREATE actions');
INSERT INTO permissions (id, name, resource, action, description) VALUES (2, 'PERM_READ', 'resource_1', 'READ', 'Allow READ actions');
INSERT INTO permissions (id, name, resource, action, description) VALUES (3, 'PERM_UPDATE', 'resource_2', 'UPDATE', 'Allow UPDATE actions');
INSERT INTO permissions (id, name, resource, action, description) VALUES (4, 'PERM_DELETE', 'resource_3', 'DELETE', 'Allow DELETE actions');
INSERT INTO permissions (id, name, resource, action, description) VALUES (5, 'PERM_MANAGE', 'resource_4', 'MANAGE', 'Allow MANAGE actions');
INSERT INTO permissions (id, name, resource, action, description) VALUES (6, 'PERM_APPROVE', 'resource_5', 'APPROVE', 'Allow APPROVE actions');
INSERT INTO permissions (id, name, resource, action, description) VALUES (7, 'PERM_VIEW', 'resource_6', 'VIEW', 'Allow VIEW actions');
INSERT INTO permissions (id, name, resource, action, description) VALUES (8, 'PERM_DOWNLOAD', 'resource_7', 'DOWNLOAD', 'Allow DOWNLOAD actions');
INSERT INTO permissions (id, name, resource, action, description) VALUES (9, 'PERM_UPLOAD', 'resource_8', 'UPLOAD', 'Allow UPLOAD actions');
INSERT INTO permissions (id, name, resource, action, description) VALUES (10, 'PERM_SHARE', 'resource_9', 'SHARE', 'Allow SHARE actions');
INSERT INTO users (id, email, password_hash, full_name, role_id, status, email_verified) VALUES ('faf7237c-bc52-4ff8-acde-dad6662ffb1c', 'admin@edumap.vn', '$2b$10$xyz', 'Lê Ngọc Tân', 1, 'active', true);
INSERT INTO users (id, email, password_hash, full_name, role_id, status, email_verified) VALUES ('7e44c667-c37a-4004-a760-d80005ca512e', 'user1@edumap.vn', '$2b$10$xyz', 'Nguyễn Thị Lan', 4, 'active', true);
INSERT INTO users (id, email, password_hash, full_name, role_id, status, email_verified) VALUES ('ec973190-6854-4595-bab5-f04f32af3cef', 'teacher2@edumap.vn', '$2b$10$xyz', 'Trần Thanh Sơn', 8, 'active', true);
INSERT INTO users (id, email, password_hash, full_name, role_id, status, email_verified) VALUES ('ee8bf641-0454-4a0d-8a1d-1f8dae8132a5', 'biz3@example.com', '$2b$10$xyz', 'Công ty Cổ phần Phát triển Đô thị Công nghiệp số 2 (D2D)', 6, 'active', true);
INSERT INTO users (id, email, password_hash, full_name, role_id, status, email_verified) VALUES ('96a83060-bfd8-452e-99df-581bfea6b83f', 'student4@edumap.vn', '$2b$10$xyz', 'Đặng Văn Lâm', 11, 'active', true);
INSERT INTO users (id, email, password_hash, full_name, role_id, status, email_verified) VALUES ('65b46b16-d311-447f-8761-6800402ff952', 'user5@edumap.vn', '$2b$10$xyz', 'Nguyễn Thu Trang', 10, 'active', true);
INSERT INTO users (id, email, password_hash, full_name, role_id, status, email_verified) VALUES ('cb939944-0c5e-4be6-b7c2-dc8d4ba31d8c', 'user6@edumap.vn', '$2b$10$xyz', 'Trần Hoàng Yến', 5, 'active', true);
INSERT INTO users (id, email, password_hash, full_name, role_id, status, email_verified) VALUES ('0e3ad563-851f-4213-aeb2-fff433c68019', 'user7@edumap.vn', '$2b$10$xyz', 'Vũ Đăng Khoa', 2, 'active', true);
INSERT INTO users (id, email, password_hash, full_name, role_id, status, email_verified) VALUES ('4f3bf9cc-90b6-4cdb-a401-20b8c94cb589', 'biz8@example.com', '$2b$10$xyz', 'Ngân hàng Vietcombank chi nhánh Đồng Nai', 6, 'active', true);
INSERT INTO users (id, email, password_hash, full_name, role_id, status, email_verified) VALUES ('6970fbcf-5e43-4e55-8330-0698c5e3c114', 'user9@edumap.vn', '$2b$10$xyz', 'Hoàng Văn Thái', 4, 'active', true);
INSERT INTO users (id, email, password_hash, full_name, role_id, status, email_verified) VALUES ('5a4904ba-3561-4815-a68d-e862f553f686', 'teacher10@edumap.vn', '$2b$10$xyz', 'Nguyễn Quốc Bảo', 8, 'active', true);
INSERT INTO users (id, email, password_hash, full_name, role_id, status, email_verified) VALUES ('32380ac0-76ab-4ca5-b373-4582b34f3e5e', 'user11@edumap.vn', '$2b$10$xyz', 'Nguyễn Thu Trang', 10, 'active', true);
INSERT INTO users (id, email, password_hash, full_name, role_id, status, email_verified) VALUES ('dd8b203e-90c1-4af9-b738-573875afef4b', 'user12@edumap.vn', '$2b$10$xyz', 'Nguyễn Thị Lan', 7, 'active', true);
INSERT INTO users (id, email, password_hash, full_name, role_id, status, email_verified) VALUES ('c86633ed-219f-4268-ba5e-d0f561be9390', 'mentor13@edumap.vn', '$2b$10$xyz', 'Nguyễn Thu Trang', 9, 'active', true);
INSERT INTO users (id, email, password_hash, full_name, role_id, status, email_verified) VALUES ('0fe1522e-0cf4-4e15-ac60-03d2449f4b90', 'biz14@example.com', '$2b$10$xyz', 'Công ty Cổ phần Phát triển Đô thị Công nghiệp số 2 (D2D)', 6, 'active', true);
INSERT INTO users (id, email, password_hash, full_name, role_id, status, email_verified) VALUES ('74998b15-a013-467d-967c-bf6035cbc6f5', 'student15@edumap.vn', '$2b$10$xyz', 'Phạm Thị Ngọc Anh', 11, 'active', true);
INSERT INTO users (id, email, password_hash, full_name, role_id, status, email_verified) VALUES ('413c4119-e146-4e42-8898-b11daeb36188', 'mentor16@edumap.vn', '$2b$10$xyz', 'Đặng Văn Lâm', 9, 'active', true);
INSERT INTO users (id, email, password_hash, full_name, role_id, status, email_verified) VALUES ('b2e20634-9368-477c-842a-c74924431c94', 'user17@edumap.vn', '$2b$10$xyz', 'Hoàng Văn Thái', 10, 'active', true);
INSERT INTO users (id, email, password_hash, full_name, role_id, status, email_verified) VALUES ('70c88db9-8e4d-4f36-8631-5429a1692c2d', 'mentor18@edumap.vn', '$2b$10$xyz', 'Nguyễn Thị Lan', 9, 'active', true);
INSERT INTO users (id, email, password_hash, full_name, role_id, status, email_verified) VALUES ('c6e20455-f2fc-4595-a376-46b8bfb1f33e', 'user19@edumap.vn', '$2b$10$xyz', 'Hoàng Văn Thái', 5, 'active', true);
INSERT INTO users (id, email, password_hash, full_name, role_id, status, email_verified) VALUES ('a1265a2b-5509-4ef9-b7ec-ecd98ffae29a', 'user20@edumap.vn', '$2b$10$xyz', 'Lê Minh Triết', 12, 'active', true);
INSERT INTO users (id, email, password_hash, full_name, role_id, status, email_verified) VALUES ('e16c4dac-1393-4326-8e28-96a0e6a4d9ea', 'user21@edumap.vn', '$2b$10$xyz', 'Đỗ Minh Tuấn', 3, 'active', true);
INSERT INTO users (id, email, password_hash, full_name, role_id, status, email_verified) VALUES ('0c5a9b85-a70a-438d-ad99-f303958a0c1b', 'user22@edumap.vn', '$2b$10$xyz', 'Trần Hoàng Yến', 7, 'active', true);
INSERT INTO users (id, email, password_hash, full_name, role_id, status, email_verified) VALUES ('ebdf0dba-a4cc-4ffb-9fa1-adce7e02b4cc', 'user23@edumap.vn', '$2b$10$xyz', 'Nguyễn Thu Trang', 7, 'active', true);
INSERT INTO users (id, email, password_hash, full_name, role_id, status, email_verified) VALUES ('96964031-8372-4203-9f93-429e47717896', 'biz24@example.com', '$2b$10$xyz', 'Tập đoàn Amata Việt Nam', 6, 'active', true);
INSERT INTO users (id, email, password_hash, full_name, role_id, status, email_verified) VALUES ('567fd968-8b51-448f-a5fc-6b693c9dad9d', 'biz25@example.com', '$2b$10$xyz', 'Tập đoàn Phong Phú', 6, 'active', true);
INSERT INTO users (id, email, password_hash, full_name, role_id, status, email_verified) VALUES ('9a42c97a-aed7-4998-a074-65e9fcfbf017', 'teacher26@edumap.vn', '$2b$10$xyz', 'Phan Thanh Bình', 8, 'active', true);
INSERT INTO users (id, email, password_hash, full_name, role_id, status, email_verified) VALUES ('36316143-8c44-451d-b18e-aec1c0681d48', 'biz27@example.com', '$2b$10$xyz', 'Công ty Cổ phần Phát triển Đô thị Công nghiệp số 2 (D2D)', 6, 'active', true);
INSERT INTO users (id, email, password_hash, full_name, role_id, status, email_verified) VALUES ('1991bdb9-6400-4f33-a5cc-3dfb7985b55a', 'user28@edumap.vn', '$2b$10$xyz', 'Nguyễn Hoàng Nam', 12, 'active', true);
INSERT INTO users (id, email, password_hash, full_name, role_id, status, email_verified) VALUES ('15115cd4-6155-4664-8963-0e5ca28866af', 'user29@edumap.vn', '$2b$10$xyz', 'Nguyễn Văn Dũng', 2, 'active', true);
INSERT INTO users (id, email, password_hash, full_name, role_id, status, email_verified) VALUES ('211ac7c5-23be-429f-b174-ea3d9b146634', 'teacher30@edumap.vn', '$2b$10$xyz', 'Trần Thị Thanh Thảo', 8, 'active', true);
INSERT INTO users (id, email, password_hash, full_name, role_id, status, email_verified) VALUES ('0c00c3e5-b9a0-4cf3-84ed-df1c5067f000', 'student31@edumap.vn', '$2b$10$xyz', 'Phạm Thị Ngọc Anh', 11, 'active', true);
INSERT INTO users (id, email, password_hash, full_name, role_id, status, email_verified) VALUES ('6fd50bfe-6aeb-47b4-9f8f-733489a9c914', 'mentor32@edumap.vn', '$2b$10$xyz', 'Nguyễn Văn Dũng', 9, 'active', true);
INSERT INTO users (id, email, password_hash, full_name, role_id, status, email_verified) VALUES ('0c324a79-baf6-4132-b7de-f31cda4e4035', 'user33@edumap.vn', '$2b$10$xyz', 'Phạm Thanh Hải', 4, 'active', true);
INSERT INTO users (id, email, password_hash, full_name, role_id, status, email_verified) VALUES ('15f972f0-60d6-4e94-b4a1-46229118cc46', 'user34@edumap.vn', '$2b$10$xyz', 'Nguyễn Quốc Bảo', 10, 'active', true);
INSERT INTO users (id, email, password_hash, full_name, role_id, status, email_verified) VALUES ('d9783eed-81c9-44aa-a42b-7fbc378e213c', 'user35@edumap.vn', '$2b$10$xyz', 'Đặng Văn Lâm', 7, 'active', true);
INSERT INTO users (id, email, password_hash, full_name, role_id, status, email_verified) VALUES ('c66e1461-311c-4d88-81d3-9fa33f4c192a', 'mentor36@edumap.vn', '$2b$10$xyz', 'Vũ Đăng Khoa', 9, 'active', true);
INSERT INTO users (id, email, password_hash, full_name, role_id, status, email_verified) VALUES ('ba0fb9da-cb2a-4e3a-9601-96d083d0423e', 'mentor37@edumap.vn', '$2b$10$xyz', 'Đặng Minh Khôi', 9, 'active', true);
INSERT INTO users (id, email, password_hash, full_name, role_id, status, email_verified) VALUES ('816f0cb7-2227-461d-a56a-26ff826e094e', 'student38@edumap.vn', '$2b$10$xyz', 'Đỗ Minh Tuấn', 11, 'active', true);
INSERT INTO users (id, email, password_hash, full_name, role_id, status, email_verified) VALUES ('e9c11077-4efb-4c5b-beae-7b6adacf00ba', 'mentor39@edumap.vn', '$2b$10$xyz', 'Nguyễn Văn Dũng', 9, 'active', true);
INSERT INTO users (id, email, password_hash, full_name, role_id, status, email_verified) VALUES ('14945753-491c-4b87-86fc-7af8c7be72f0', 'student40@edumap.vn', '$2b$10$xyz', 'Hoàng Văn Thái', 11, 'active', true);
INSERT INTO users (id, email, password_hash, full_name, role_id, status, email_verified) VALUES ('4ec4d9e4-7b45-4c6a-ba06-771e06c940c5', 'user41@edumap.vn', '$2b$10$xyz', 'Lê Thị Mai', 3, 'active', true);
INSERT INTO users (id, email, password_hash, full_name, role_id, status, email_verified) VALUES ('a23af543-1752-44df-89d8-7c38ca9ef256', 'user42@edumap.vn', '$2b$10$xyz', 'Trần Hoàng Yến', 4, 'active', true);
INSERT INTO users (id, email, password_hash, full_name, role_id, status, email_verified) VALUES ('9e460abd-1708-49d0-8d6a-8b70b2c6a047', 'user43@edumap.vn', '$2b$10$xyz', 'Lê Thị Mai', 4, 'active', true);
INSERT INTO users (id, email, password_hash, full_name, role_id, status, email_verified) VALUES ('5442d078-9e6c-4a22-88af-1958fd994da7', 'user44@edumap.vn', '$2b$10$xyz', 'Trần Hoàng Yến', 4, 'active', true);
INSERT INTO users (id, email, password_hash, full_name, role_id, status, email_verified) VALUES ('2f542680-c7ae-43e1-bcc2-ad2473a2f4ed', 'user45@edumap.vn', '$2b$10$xyz', 'Phạm Thị Ngọc Anh', 4, 'active', true);
INSERT INTO users (id, email, password_hash, full_name, role_id, status, email_verified) VALUES ('49719ca4-117c-4a80-99fb-b3a6755ae29d', 'user46@edumap.vn', '$2b$10$xyz', 'Đặng Minh Khôi', 7, 'active', true);
INSERT INTO users (id, email, password_hash, full_name, role_id, status, email_verified) VALUES ('4f704ef8-00cc-4f5d-ab6a-550f65d167ac', 'user47@edumap.vn', '$2b$10$xyz', 'Lê Ngọc Tân', 10, 'active', true);
INSERT INTO users (id, email, password_hash, full_name, role_id, status, email_verified) VALUES ('49a896fd-092f-43f5-ae27-4226f9758ba9', 'mentor48@edumap.vn', '$2b$10$xyz', 'Vũ Đăng Khoa', 9, 'active', true);
INSERT INTO users (id, email, password_hash, full_name, role_id, status, email_verified) VALUES ('63a0f4c1-e2e0-4da2-a834-02513443fdf9', 'user49@edumap.vn', '$2b$10$xyz', 'Đặng Minh Khôi', 10, 'active', true);
INSERT INTO users (id, email, password_hash, full_name, role_id, status, email_verified) VALUES ('cb7d1933-1f8b-4f7b-9167-21a5db3638c3', 'user50@edumap.vn', '$2b$10$xyz', 'Phạm Thanh Hải', 12, 'active', true);
INSERT INTO users (id, email, password_hash, full_name, role_id, status, email_verified) VALUES ('21ab239d-deec-4988-9f77-26c2911822c0', 'user51@edumap.vn', '$2b$10$xyz', 'Đỗ Minh Tuấn', 4, 'active', true);
INSERT INTO users (id, email, password_hash, full_name, role_id, status, email_verified) VALUES ('96eeb2fa-b61c-4153-bfad-1ccd0268184d', 'mentor52@edumap.vn', '$2b$10$xyz', 'Đỗ Minh Tuấn', 9, 'active', true);
INSERT INTO users (id, email, password_hash, full_name, role_id, status, email_verified) VALUES ('03eeb255-5b92-4129-bffa-8789f500f78b', 'teacher53@edumap.vn', '$2b$10$xyz', 'Nguyễn Văn Dũng', 8, 'active', true);
INSERT INTO users (id, email, password_hash, full_name, role_id, status, email_verified) VALUES ('1bba9809-62f5-4c04-ba0e-a0201f8fc6a4', 'user54@edumap.vn', '$2b$10$xyz', 'Nguyễn Thị Lan', 12, 'active', true);
INSERT INTO users (id, email, password_hash, full_name, role_id, status, email_verified) VALUES ('eac6c760-2129-40d9-b0ab-47ea77731970', 'user55@edumap.vn', '$2b$10$xyz', 'Vũ Đăng Khoa', 10, 'active', true);
INSERT INTO users (id, email, password_hash, full_name, role_id, status, email_verified) VALUES ('2d26e8b6-f3b7-48a0-9c75-795256eae89c', 'user56@edumap.vn', '$2b$10$xyz', 'Trần Hoàng Yến', 10, 'active', true);
INSERT INTO users (id, email, password_hash, full_name, role_id, status, email_verified) VALUES ('5ab1302e-8e06-4d66-bc1c-5774e4da0f4f', 'user57@edumap.vn', '$2b$10$xyz', 'Đỗ Minh Tuấn', 7, 'active', true);
INSERT INTO users (id, email, password_hash, full_name, role_id, status, email_verified) VALUES ('7a00b401-b997-4511-83e9-efef9c877cdc', 'teacher58@edumap.vn', '$2b$10$xyz', 'Nguyễn Hoàng Nam', 8, 'active', true);
INSERT INTO users (id, email, password_hash, full_name, role_id, status, email_verified) VALUES ('4fc68635-08ff-4a6b-818c-f46f436b6d10', 'user59@edumap.vn', '$2b$10$xyz', 'Phạm Thị Ngọc Anh', 12, 'active', true);
INSERT INTO users (id, email, password_hash, full_name, role_id, status, email_verified) VALUES ('88b48bd2-8616-4c8f-a0ae-c55d18d0355d', 'mentor60@edumap.vn', '$2b$10$xyz', 'Trần Thị Thanh Thảo', 9, 'active', true);
INSERT INTO users (id, email, password_hash, full_name, role_id, status, email_verified) VALUES ('3b9dbafb-6a83-4dd7-ae70-f2ba9bf18176', 'user61@edumap.vn', '$2b$10$xyz', 'Lê Ngọc Tân', 12, 'active', true);
INSERT INTO users (id, email, password_hash, full_name, role_id, status, email_verified) VALUES ('f35a5e96-4ac4-45c3-800c-626dd13b09f0', 'student62@edumap.vn', '$2b$10$xyz', 'Hoàng Văn Thái', 11, 'active', true);
INSERT INTO users (id, email, password_hash, full_name, role_id, status, email_verified) VALUES ('d5048450-1d28-44be-9ed5-ebebce58b464', 'student63@edumap.vn', '$2b$10$xyz', 'Nguyễn Quốc Bảo', 11, 'active', true);
INSERT INTO users (id, email, password_hash, full_name, role_id, status, email_verified) VALUES ('2e1711d2-4674-441e-b07a-e43334e4d79e', 'student64@edumap.vn', '$2b$10$xyz', 'Nguyễn Quốc Bảo', 11, 'active', true);
INSERT INTO users (id, email, password_hash, full_name, role_id, status, email_verified) VALUES ('5b7a15df-4f3c-48a4-92b5-76b0360d53ec', 'student65@edumap.vn', '$2b$10$xyz', 'Trần Thị Thanh Thảo', 11, 'active', true);
INSERT INTO users (id, email, password_hash, full_name, role_id, status, email_verified) VALUES ('7aa43ed0-2cf4-4ed0-ad3a-b9f3b3bf5190', 'student66@edumap.vn', '$2b$10$xyz', 'Phạm Thanh Hải', 11, 'active', true);
INSERT INTO users (id, email, password_hash, full_name, role_id, status, email_verified) VALUES ('2fa9ae69-bc0a-4d7a-98f6-44a72c665eba', 'user67@edumap.vn', '$2b$10$xyz', 'Đặng Minh Khôi', 10, 'active', true);
INSERT INTO users (id, email, password_hash, full_name, role_id, status, email_verified) VALUES ('0f1b500e-f481-4fd4-9348-d742c7e667f9', 'user68@edumap.vn', '$2b$10$xyz', 'Hoàng Văn Thái', 12, 'active', true);
INSERT INTO users (id, email, password_hash, full_name, role_id, status, email_verified) VALUES ('170b9bdc-9a79-40dd-b191-5741b4208c88', 'user69@edumap.vn', '$2b$10$xyz', 'Hoàng Văn Thái', 7, 'active', true);
INSERT INTO users (id, email, password_hash, full_name, role_id, status, email_verified) VALUES ('e7ad4735-d952-4088-8237-f58315051387', 'user70@edumap.vn', '$2b$10$xyz', 'Trần Thị Thanh Thảo', 10, 'active', true);
INSERT INTO users (id, email, password_hash, full_name, role_id, status, email_verified) VALUES ('efe87d84-29c7-4d3d-a1fd-00cdea142a38', 'user71@edumap.vn', '$2b$10$xyz', 'Lê Minh Triết', 5, 'active', true);
INSERT INTO users (id, email, password_hash, full_name, role_id, status, email_verified) VALUES ('692998cf-6d29-4316-9370-761ab0637a8f', 'biz72@example.com', '$2b$10$xyz', 'Tổng công ty Sonadezi Đồng Nai', 6, 'active', true);
INSERT INTO users (id, email, password_hash, full_name, role_id, status, email_verified) VALUES ('57c5bf98-399b-41dd-a5c8-126b9c4b61a2', 'user73@edumap.vn', '$2b$10$xyz', 'Nguyễn Thị Lan', 2, 'active', true);
INSERT INTO users (id, email, password_hash, full_name, role_id, status, email_verified) VALUES ('8e0741bf-f58e-4758-9536-c391fcd4d73c', 'user74@edumap.vn', '$2b$10$xyz', 'Nguyễn Thị Lan', 12, 'active', true);
INSERT INTO users (id, email, password_hash, full_name, role_id, status, email_verified) VALUES ('2d21a5cc-5aa8-4ffb-9fe4-f2340ec6eda3', 'user75@edumap.vn', '$2b$10$xyz', 'Hoàng Văn Thái', 5, 'active', true);
INSERT INTO users (id, email, password_hash, full_name, role_id, status, email_verified) VALUES ('68f12d9f-114a-4077-9dfc-27eed10e713c', 'user76@edumap.vn', '$2b$10$xyz', 'Hoàng Văn Thái', 7, 'active', true);
INSERT INTO users (id, email, password_hash, full_name, role_id, status, email_verified) VALUES ('7eb65a02-f9df-4803-9eac-3054ce13c1e2', 'user77@edumap.vn', '$2b$10$xyz', 'Phan Thanh Bình', 5, 'active', true);
INSERT INTO users (id, email, password_hash, full_name, role_id, status, email_verified) VALUES ('ea639414-a739-400b-81a9-9f4e47cf6f1a', 'user78@edumap.vn', '$2b$10$xyz', 'Lê Thị Mai', 4, 'active', true);
INSERT INTO users (id, email, password_hash, full_name, role_id, status, email_verified) VALUES ('a90eb52d-9b93-46a6-9987-0f470ed7707b', 'biz79@example.com', '$2b$10$xyz', 'Ngân hàng Vietcombank chi nhánh Đồng Nai', 6, 'active', true);
INSERT INTO users (id, email, password_hash, full_name, role_id, status, email_verified) VALUES ('be3fc03f-f68d-4cbe-b329-0cbc8621a4d8', 'student80@edumap.vn', '$2b$10$xyz', 'Trần Thị Thanh Thảo', 11, 'active', true);
INSERT INTO users (id, email, password_hash, full_name, role_id, status, email_verified) VALUES ('11c29d76-58ba-4797-ba1e-721b121a9da0', 'user81@edumap.vn', '$2b$10$xyz', 'Nguyễn Quốc Bảo', 2, 'active', true);
INSERT INTO users (id, email, password_hash, full_name, role_id, status, email_verified) VALUES ('07673756-af2c-4902-90fd-98d6ec9eddb7', 'biz82@example.com', '$2b$10$xyz', 'Tập đoàn Amata Việt Nam', 6, 'active', true);
INSERT INTO users (id, email, password_hash, full_name, role_id, status, email_verified) VALUES ('32f3e015-7fa2-4d0f-8ffa-b3e01939f13d', 'teacher83@edumap.vn', '$2b$10$xyz', 'Nguyễn Quốc Bảo', 8, 'active', true);
INSERT INTO users (id, email, password_hash, full_name, role_id, status, email_verified) VALUES ('a9e07ace-8178-4334-8c05-a866dfbb1280', 'user84@edumap.vn', '$2b$10$xyz', 'Trần Thanh Sơn', 7, 'active', true);
INSERT INTO users (id, email, password_hash, full_name, role_id, status, email_verified) VALUES ('9876c83d-8265-4e14-a150-a18ecbfdeb61', 'user85@edumap.vn', '$2b$10$xyz', 'Đặng Minh Khôi', 3, 'active', true);
INSERT INTO users (id, email, password_hash, full_name, role_id, status, email_verified) VALUES ('10ccae9c-0b43-4e3b-b893-ff37d7c6737f', 'user86@edumap.vn', '$2b$10$xyz', 'Lê Minh Triết', 2, 'active', true);
INSERT INTO users (id, email, password_hash, full_name, role_id, status, email_verified) VALUES ('e75af97f-8160-4639-945f-19c3012eb021', 'user87@edumap.vn', '$2b$10$xyz', 'Nguyễn Thu Trang', 10, 'active', true);
INSERT INTO users (id, email, password_hash, full_name, role_id, status, email_verified) VALUES ('2f9663fb-027c-4a5f-9ad8-ef2cb26513d2', 'user88@edumap.vn', '$2b$10$xyz', 'Bùi Huy Hoàng', 5, 'active', true);
INSERT INTO users (id, email, password_hash, full_name, role_id, status, email_verified) VALUES ('8ab40aa7-b1ce-4b54-8a6c-26e65e73b136', 'user89@edumap.vn', '$2b$10$xyz', 'Nguyễn Thị Lan', 10, 'active', true);
INSERT INTO users (id, email, password_hash, full_name, role_id, status, email_verified) VALUES ('05a21962-b033-4cb5-a339-f2c5924f9566', 'user90@edumap.vn', '$2b$10$xyz', 'Trần Hoàng Yến', 5, 'active', true);
INSERT INTO users (id, email, password_hash, full_name, role_id, status, email_verified) VALUES ('d6db0543-03c4-4dda-a83d-9edeadde5893', 'user91@edumap.vn', '$2b$10$xyz', 'Trần Thị Thanh Thảo', 2, 'active', true);
INSERT INTO users (id, email, password_hash, full_name, role_id, status, email_verified) VALUES ('23c3fc8e-caf9-44ec-8bc8-113fd5c7ac25', 'user92@edumap.vn', '$2b$10$xyz', 'Phạm Thị Ngọc Anh', 12, 'active', true);
INSERT INTO users (id, email, password_hash, full_name, role_id, status, email_verified) VALUES ('e761af1b-d7e7-42a5-8dcc-ecb223c06b35', 'mentor93@edumap.vn', '$2b$10$xyz', 'Phan Thanh Bình', 9, 'active', true);
INSERT INTO users (id, email, password_hash, full_name, role_id, status, email_verified) VALUES ('776755df-353c-4477-bab1-3fe2a349f3ec', 'user94@edumap.vn', '$2b$10$xyz', 'Đỗ Minh Tuấn', 3, 'active', true);
INSERT INTO users (id, email, password_hash, full_name, role_id, status, email_verified) VALUES ('2199325e-e35c-4788-b244-289093383477', 'biz95@example.com', '$2b$10$xyz', 'Ngân hàng Vietcombank chi nhánh Đồng Nai', 6, 'active', true);
INSERT INTO users (id, email, password_hash, full_name, role_id, status, email_verified) VALUES ('6afb4e24-3d4d-430f-8fa9-ea2c4bba30e9', 'user96@edumap.vn', '$2b$10$xyz', 'Phạm Thanh Hải', 12, 'active', true);
INSERT INTO users (id, email, password_hash, full_name, role_id, status, email_verified) VALUES ('d34e1371-ba45-4dc2-a19f-207518b82fe4', 'user97@edumap.vn', '$2b$10$xyz', 'Bùi Huy Hoàng', 10, 'active', true);
INSERT INTO users (id, email, password_hash, full_name, role_id, status, email_verified) VALUES ('bdb0c609-c64a-4e7b-909d-2568630f7dd8', 'mentor98@edumap.vn', '$2b$10$xyz', 'Phạm Thị Ngọc Anh', 9, 'active', true);
INSERT INTO users (id, email, password_hash, full_name, role_id, status, email_verified) VALUES ('6d74dfd6-4cd7-4397-bf94-1cfd0aa1ea6b', 'user99@edumap.vn', '$2b$10$xyz', 'Vũ Đăng Khoa', 4, 'active', true);
INSERT INTO map_categories (id, name, icon, color, is_active) VALUES (1, 'Trường Đại Học', 'fa-university', '#4e73df', true);
INSERT INTO map_categories (id, name, icon, color, is_active) VALUES (2, 'Trường THPT', 'fa-school', '#1cc88a', true);
INSERT INTO map_categories (id, name, icon, color, is_active) VALUES (3, 'Thư Viện', 'fa-book-reader', '#36b9cc', true);
INSERT INTO map_categories (id, name, icon, color, is_active) VALUES (4, 'Nhà Sách', 'fa-book', '#f6c23e', true);
INSERT INTO map_categories (id, name, icon, color, is_active) VALUES (5, 'STEM Lab', 'fa-flask', '#e74a3b', true);
INSERT INTO map_categories (id, name, icon, color, is_active) VALUES (6, 'Wifi Miễn Phí', 'fa-wifi', '#858796', true);
INSERT INTO map_categories (id, name, icon, color, is_active) VALUES (7, 'Không Gian Xanh', 'fa-leaf', '#2e59d9', true);
INSERT INTO map_categories (id, name, icon, color, is_active) VALUES (8, 'Cà Phê Học Tập', 'fa-coffee', '#f8f9fc', true);
INSERT INTO map_points (id, name, type_id, location, address, city, district, province, description, verified, status, created_by) VALUES ('ffcf6efe-756a-41bb-99d6-429782154efc', 'Trường Đại học Công nghệ Đồng Nai (DNTU)', 1, 'SRID=4326;POINT(106.8778 10.9525)', 'Nguyễn Khuyến, Trảng Dài, TP. Biên Hòa, Đồng Nai', 'Biên Hòa', 'Trảng Dài', 'Đồng Nai', 'Trường Đại học tư thục đào tạo nguồn nhân lực chất lượng cao ngành kỹ thuật, quản lý và chăm sóc sức khỏe hàng đầu tỉnh Đồng Nai với cơ sở vật chất cực kỳ hiện đại.', true, 'approved', '88b48bd2-8616-4c8f-a0ae-c55d18d0355d');
INSERT INTO map_points (id, name, type_id, location, address, city, district, province, description, verified, status, created_by) VALUES ('39fa69f9-dd2e-4e69-a9e9-bb1016b429e2', 'Trường Đại học Lạc Hồng (LHU)', 1, 'SRID=4326;POINT(106.8085 10.9631)', 'Số 10 Huỳnh Văn Nghệ, Bửu Long, TP. Biên Hòa, Đồng Nai', 'Biên Hòa', 'Bửu Long', 'Đồng Nai', 'Đại học ứng dụng công nghệ hàng đầu tại Đồng Nai, nổi tiếng với thành tích Robocon.', true, 'approved', '32f3e015-7fa2-4d0f-8ffa-b3e01939f13d');
INSERT INTO map_points (id, name, type_id, location, address, city, district, province, description, verified, status, created_by) VALUES ('01f02c1a-ca5e-4d36-99a9-c2bde5c9c892', 'Trường Đại học Đồng Nai (DNU)', 1, 'SRID=4326;POINT(106.8475 10.9423)', 'Số 9 Lê Quý Đôn, Tân Hiệp, TP. Biên Hòa, Đồng Nai', 'Biên Hòa', 'Tân Hiệp', 'Đồng Nai', 'Đại học công lập đa ngành trực thuộc Ủy ban Nhân dân tỉnh Đồng Nai.', true, 'approved', 'a23af543-1752-44df-89d8-7c38ca9ef256');
INSERT INTO map_points (id, name, type_id, location, address, city, district, province, description, verified, status, created_by) VALUES ('d385d1ed-8733-43b1-89a5-b88c1a80974e', 'Phân hiệu Đại học Lâm nghiệp (VNUF Branch)', 1, 'SRID=4326;POINT(106.9691 10.9582)', 'Thị trấn Trảng Bom, Huyện Trảng Bom, Đồng Nai', 'Trảng Bom', 'Thị trấn Trảng Bom', 'Đồng Nai', 'Phân hiệu đào tạo kỹ sư lâm sinh, môi trường và công nghệ tại khu vực phía Nam.', true, 'approved', '6970fbcf-5e43-4e55-8330-0698c5e3c114');
INSERT INTO map_points (id, name, type_id, location, address, city, district, province, description, verified, status, created_by) VALUES ('dc49bf7e-0f0d-46a2-8bf3-681f25d211c9', 'Trường Đại học Công nghệ Miền Đông (MUT)', 1, 'SRID=4326;POINT(107.0315 10.9854)', 'Quốc lộ 1A, Thống Nhất, Đồng Nai', 'Thống Nhất', 'Bàu Hàm 2', 'Đồng Nai', 'Đại học định hướng ứng dụng kỹ thuật và chăm sóc sức khỏe tại Đồng Nai.', true, 'approved', '8ab40aa7-b1ce-4b54-8a6c-26e65e73b136');
INSERT INTO map_points (id, name, type_id, location, address, city, district, province, description, verified, status, created_by) VALUES ('4a6a83e4-ffec-45f1-88b2-8e482f581653', 'Trường THPT Chuyên Lương Thế Vinh', 2, 'SRID=4326;POINT(106.8624 10.9482)', 'Đường Lê Quý Đôn, Tân Hiệp, TP. Biên Hòa, Đồng Nai', 'Biên Hòa', 'Tân Hiệp', 'Đồng Nai', 'Trường THPT chuyên chất lượng cao duy nhất của tỉnh Đồng Nai.', true, 'approved', 'faf7237c-bc52-4ff8-acde-dad6662ffb1c');
INSERT INTO map_points (id, name, type_id, location, address, city, district, province, description, verified, status, created_by) VALUES ('3e6e2f77-7f7c-4e08-bc47-edbdd43f9fca', 'Trường THPT Ngô Quyền', 2, 'SRID=4326;POINT(106.8222 10.9524)', '328 Hưng Đạo Vương, Quyết Thắng, TP. Biên Hòa, Đồng Nai', 'Biên Hòa', 'Quyết Thắng', 'Đồng Nai', 'Trường THPT giàu truyền thống lịch sử hơn 100 năm tại trung tâm Biên Hòa.', true, 'approved', 'ebdf0dba-a4cc-4ffb-9fa1-adce7e02b4cc');
INSERT INTO map_points (id, name, type_id, location, address, city, district, province, description, verified, status, created_by) VALUES ('092d4fbb-f878-4071-a350-e97434a481b4', 'Trường THPT Trấn Biên', 2, 'SRID=4326;POINT(106.8448 10.9581)', 'Đặng Đức Thuật, Tam Hòa, TP. Biên Hòa, Đồng Nai', 'Biên Hòa', 'Tam Hòa', 'Đồng Nai', 'Trường THPT có chất lượng giáo dục toàn diện hàng đầu Biên Hòa.', true, 'approved', 'd6db0543-03c4-4dda-a83d-9edeadde5893');
INSERT INTO map_points (id, name, type_id, location, address, city, district, province, description, verified, status, created_by) VALUES ('54bc51cc-0bcb-4d69-9dba-86670500d8b5', 'Trường THPT Lê Hồng Phong', 2, 'SRID=4326;POINT(106.8184 10.9588)', 'Phường Bửu Long, TP. Biên Hòa, Đồng Nai', 'Biên Hòa', 'Bửu Long', 'Đồng Nai', 'Trường THPT năng động với nhiều hoạt động phong trào đổi mới sáng tạo.', true, 'approved', '96a83060-bfd8-452e-99df-581bfea6b83f');
INSERT INTO map_points (id, name, type_id, location, address, city, district, province, description, verified, status, created_by) VALUES ('7c87591b-5cd6-45b3-807a-5ef096e4db78', 'Trường THPT Nguyễn Trãi', 2, 'SRID=4326;POINT(106.8351 10.9501)', 'Phường Hòa Bình, TP. Biên Hòa, Đồng Nai', 'Biên Hòa', 'Hòa Bình', 'Đồng Nai', 'Đơn vị đào tạo uy tín đóng góp nguồn nhân lực trẻ cho tỉnh nhà.', true, 'approved', 'faf7237c-bc52-4ff8-acde-dad6662ffb1c');
INSERT INTO map_points (id, name, type_id, location, address, city, district, province, description, verified, status, created_by) VALUES ('77957b3d-3cff-4cb4-b890-93e373137f23', 'Trường THPT Long Thành', 2, 'SRID=4326;POINT(106.9535 10.7818)', 'Thị trấn Long Thành, Huyện Long Thành, Đồng Nai', 'Long Thành', 'Thị trấn Long Thành', 'Đồng Nai', 'Trường THPT trọng điểm của huyện Long Thành, tiếp giáp khu vực dự án sân bay quốc tế.', true, 'approved', '11c29d76-58ba-4797-ba1e-721b121a9da0');
INSERT INTO map_points (id, name, type_id, location, address, city, district, province, description, verified, status, created_by) VALUES ('8184e4c8-0d3e-4828-b685-b61e26a869bc', 'Trường THPT Thống Nhất A', 2, 'SRID=4326;POINT(106.9742 10.9531)', 'Thị trấn Trảng Bom, Huyện Trảng Bom, Đồng Nai', 'Trảng Bom', 'Thị trấn Trảng Bom', 'Đồng Nai', 'Trường THPT đạt chuẩn quốc gia xuất sắc tại khu vực Trảng Bom.', true, 'approved', '96a83060-bfd8-452e-99df-581bfea6b83f');
INSERT INTO map_points (id, name, type_id, location, address, city, district, province, description, verified, status, created_by) VALUES ('e49b8e3f-5159-427e-bd90-0705a72715da', 'Thư viện Đại học Công nghệ Đồng Nai (DNTU Library)', 3, 'SRID=4326;POINT(106.878 10.9523)', 'Trung tâm Học liệu DNTU, Trảng Dài, Biên Hòa, Đồng Nai', 'Biên Hòa', 'Trảng Dài', 'Đồng Nai', 'Trung tâm thông tin học liệu số hiện đại bậc nhất khu vực, không gian tự học chuẩn quốc tế, kho học liệu cực khủng phục vụ nghiên cứu công nghệ.', true, 'approved', '88b48bd2-8616-4c8f-a0ae-c55d18d0355d');
INSERT INTO map_points (id, name, type_id, location, address, city, district, province, description, verified, status, created_by) VALUES ('99ee6450-8fac-46d7-860b-610da3c7f83c', 'Thư viện Đại học Lạc Hồng', 3, 'SRID=4326;POINT(106.8087 10.9629)', 'Cơ sở 1 LHU, Bửu Long, TP. Biên Hòa, Đồng Nai', 'Biên Hòa', 'Bửu Long', 'Đồng Nai', 'Thư viện điện tử hiện đại phục vụ nghiên cứu và học tập của giảng viên, sinh viên LHU.', true, 'approved', 'f35a5e96-4ac4-45c3-800c-626dd13b09f0');
INSERT INTO map_points (id, name, type_id, location, address, city, district, province, description, verified, status, created_by) VALUES ('302568ac-0cf6-4c99-b924-d8601c641c11', 'Thư viện Đại học Đồng Nai', 3, 'SRID=4326;POINT(106.8477 10.9421)', 'Tòa nhà Trung tâm DNU, Tân Hiệp, Biên Hòa, Đồng Nai', 'Biên Hòa', 'Tân Hiệp', 'Đồng Nai', 'Kho sách chuyên ngành sư phạm, khoa học tự nhiên và xã hội vô cùng đồ sộ.', true, 'approved', '6afb4e24-3d4d-430f-8fa9-ea2c4bba30e9');
INSERT INTO map_points (id, name, type_id, location, address, city, district, province, description, verified, status, created_by) VALUES ('b521e3d2-2440-4a09-bd5d-b7767533c6ef', 'Thư viện Tỉnh Đồng Nai', 3, 'SRID=4326;POINT(106.8208 10.9495)', 'Số 3 Huỳnh Văn Nghệ, Quyết Thắng, TP. Biên Hòa, Đồng Nai', 'Biên Hòa', 'Quyết Thắng', 'Đồng Nai', 'Thư viện công cộng lớn nhất tỉnh, kho học liệu phong phú và không gian đọc mở hiện đại.', true, 'approved', '413c4119-e146-4e42-8898-b11daeb36188');
INSERT INTO map_points (id, name, type_id, location, address, city, district, province, description, verified, status, created_by) VALUES ('c4a943f7-708c-4191-8ee2-1aa12c29550b', 'Nhà sách Fahasa Biên Hòa', 4, 'SRID=4326;POINT(106.8291 10.9562)', 'Tầng 2 Co.opmart Biên Hòa, Quyết Thắng, Biên Hòa', 'Biên Hòa', 'Quyết Thắng', 'Đồng Nai', 'Điểm phát hành sách quốc văn, ngoại văn và văn phòng phẩm lớn nhất thành phố.', true, 'approved', '2199325e-e35c-4788-b244-289093383477');
INSERT INTO map_points (id, name, type_id, location, address, city, district, province, description, verified, status, created_by) VALUES ('572deee9-5aea-4a04-8d8d-5ef25549a90d', 'Nhà sách Phương Nam - Pegasus', 4, 'SRID=4326;POINT(106.8256 10.9488)', 'Tòa nhà Pegasus Plaza, Võ Thị Sáu, Biên Hòa, Đồng Nai', 'Biên Hòa', 'Quyết Thắng', 'Đồng Nai', 'Không gian nhà sách cà phê hiện đại, trải nghiệm sách chất lượng cao.', true, 'approved', '36316143-8c44-451d-b18e-aec1c0681d48');
INSERT INTO map_points (id, name, type_id, location, address, city, district, province, description, verified, status, created_by) VALUES ('95a2fe2d-28d5-4366-a012-b061a550f6e8', 'Nhà sách Fahasa Lotte Biên Hòa', 4, 'SRID=4326;POINT(106.8782 10.9546)', 'Khu thương mại Lotte Mart, Amata, Biên Hòa, Đồng Nai', 'Biên Hòa', 'Long Bình', 'Đồng Nai', 'Phục vụ người dân và công nhân, học sinh khu vực công nghiệp Amata.', true, 'approved', '0c5a9b85-a70a-438d-ad99-f303958a0c1b');
INSERT INTO map_points (id, name, type_id, location, address, city, district, province, description, verified, status, created_by) VALUES ('c39f33eb-fd18-489b-b256-1cfcb798e54e', 'Nhà sách Nguyễn Văn Cừ Biên Hòa', 4, 'SRID=4326;POINT(106.8351 10.9501)', 'Phường Hòa Bình, Biên Hòa, Đồng Nai', 'Biên Hòa', 'Hòa Bình', 'Đồng Nai', 'Điểm tìm kiếm và mua sắm giáo trình, tài liệu chuyên khảo uy tín lâu năm.', true, 'approved', '74998b15-a013-467d-967c-bf6035cbc6f5');
INSERT INTO map_points (id, name, type_id, location, address, city, district, province, description, verified, status, created_by) VALUES ('12d348cf-613a-4e2c-9105-b158aa987032', 'Nhà sách Biên Hòa', 4, 'SRID=4326;POINT(106.8208 10.9495)', 'Đường Cách Mạng Tháng Tám, Quyết Thắng, Biên Hòa', 'Biên Hòa', 'Quyết Thắng', 'Đồng Nai', 'Cửa hàng sách tổng hợp cung cấp đầy đủ các đầu sách tham khảo và ôn luyện.', true, 'approved', '6970fbcf-5e43-4e55-8330-0698c5e3c114');
INSERT INTO map_points (id, name, type_id, location, address, city, district, province, description, verified, status, created_by) VALUES ('3273d3b6-01e1-44b6-8e94-233cc60a3415', 'Smart STEM & Robotics Lab - DNTU', 5, 'SRID=4326;POINT(106.8776 10.9527)', 'Khu công nghệ cao DNTU, Trảng Dài, Biên Hòa, Đồng Nai', 'Biên Hòa', 'Trảng Dài', 'Đồng Nai', 'Phòng thí nghiệm STEM thông minh hàng đầu của Đại học Công nghệ Đồng Nai, đầu tư trang thiết bị AI, IoT và robot tiên tiến nhất phục vụ kỹ sư tương lai nghiên cứu.', true, 'approved', '57c5bf98-399b-41dd-a5c8-126b9c4b61a2');
INSERT INTO map_points (id, name, type_id, location, address, city, district, province, description, verified, status, created_by) VALUES ('dd69aa6d-079e-4490-a4e5-f0721a3466f6', 'LHU Automation STEM Lab', 5, 'SRID=4326;POINT(106.8083 10.9633)', 'Huỳnh Văn Nghệ, Bửu Long, Biên Hòa, Đồng Nai', 'Biên Hòa', 'Bửu Long', 'Đồng Nai', 'Phòng lab STEM tự động hóa, chế tạo robot đạt tiêu chuẩn quốc gia.', true, 'approved', 'e761af1b-d7e7-42a5-8dcc-ecb223c06b35');
INSERT INTO map_points (id, name, type_id, location, address, city, district, province, description, verified, status, created_by) VALUES ('cc343334-bbe0-4e6b-91d1-e8272ddc1536', 'STEM Space THPT Chuyên Lương Thế Vinh', 5, 'SRID=4326;POINT(106.8624 10.9482)', 'Đường Lê Quý Đôn, Tân Hiệp, Biên Hòa, Đồng Nai', 'Biên Hòa', 'Tân Hiệp', 'Đồng Nai', 'Nơi tổ chức các hoạt động nghiên cứu khoa học kỹ thuật cho học sinh tài năng.', true, 'approved', 'd9783eed-81c9-44aa-a42b-7fbc378e213c');
INSERT INTO map_points (id, name, type_id, location, address, city, district, province, description, verified, status, created_by) VALUES ('ee7337d9-c5dc-4136-b917-0cae838ecc11', 'STEM & Robotics Center - THPT Ngô Quyền', 5, 'SRID=4326;POINT(106.8222 10.9524)', '328 Hưng Đạo Vương, Quyết Thắng, Biên Hòa', 'Biên Hòa', 'Quyết Thắng', 'Đồng Nai', 'Không gian sáng tạo trải nghiệm lắp ráp mạch điện tử và lập trình nhúng cho học sinh phổ thông.', true, 'approved', '23c3fc8e-caf9-44ec-8bc8-113fd5c7ac25');
INSERT INTO map_points (id, name, type_id, location, address, city, district, province, description, verified, status, created_by) VALUES ('5fa112be-6f3d-44d6-bc9d-e42e1e2d6003', 'Biên Hòa AI Lab - Trung tâm Khoa học Trẻ', 5, 'SRID=4326;POINT(106.8256 10.9488)', 'Pegasus Plaza, Võ Thị Sáu, Biên Hòa', 'Biên Hòa', 'Quyết Thắng', 'Đồng Nai', 'Phòng nghiên cứu mở phục vụ học sinh sinh viên tìm hiểu về trí tuệ nhân tạo.', true, 'approved', '6970fbcf-5e43-4e55-8330-0698c5e3c114');
INSERT INTO map_points (id, name, type_id, location, address, city, district, province, description, verified, status, created_by) VALUES ('c68776da-bf3f-4ea2-9833-e76ca5f6e302', 'DNTU High-speed Campus Wifi', 6, 'SRID=4326;POINT(106.8778 10.9525)', 'Trung tâm công nghệ thông tin DNTU, Trảng Dài, Biên Hòa, Đồng Nai', 'Biên Hòa', 'Trảng Dài', 'Đồng Nai', 'Hệ thống Wifi cáp quang siêu tốc phủ sóng 100% khuôn viên Đại học Công nghệ Đồng Nai phục vụ sinh viên tra cứu tài liệu học tập, mật khẩu: ''dntu2026''.', true, 'approved', '2d26e8b6-f3b7-48a0-9c75-795256eae89c');
INSERT INTO map_points (id, name, type_id, location, address, city, district, province, description, verified, status, created_by) VALUES ('f738ba0d-b954-4317-8d6e-17442c52bd78', 'LHU High-speed Campus Wifi', 6, 'SRID=4326;POINT(106.8085 10.9631)', 'Trung tâm thông tin LHU, Bửu Long, Biên Hòa, Đồng Nai', 'Biên Hòa', 'Bửu Long', 'Đồng Nai', 'Mạng wifi cáp quang phủ sóng toàn bộ giảng đường Đại học Lạc Hồng, mật khẩu truy cập: ''lhu@2026''.', true, 'approved', '57c5bf98-399b-41dd-a5c8-126b9c4b61a2');
INSERT INTO map_points (id, name, type_id, location, address, city, district, province, description, verified, status, created_by) VALUES ('5fd11867-2754-4e68-9b00-aa43cab58b76', 'DNU High-speed Campus Wifi', 6, 'SRID=4326;POINT(106.8475 10.9423)', 'Tòa nhà Trung tâm DNU, Tân Hiệp, Biên Hòa, Đồng Nai', 'Biên Hòa', 'Tân Hiệp', 'Đồng Nai', 'Mạng wifi sư phạm trường Đại học Đồng Nai tốc độ ổn định, mật khẩu truy cập: ''dnu@teacher''.', true, 'approved', 'e761af1b-d7e7-42a5-8dcc-ecb223c06b35');
INSERT INTO map_points (id, name, type_id, location, address, city, district, province, description, verified, status, created_by) VALUES ('744ae1a1-c5ae-4922-bf32-d032ba0ee3d3', 'High-speed Wifi THPT Chuyên Lương Thế Vinh', 6, 'SRID=4326;POINT(106.8624 10.9482)', 'Phòng máy THPT Lương Thế Vinh, Tân Hiệp, Biên Hòa, Đồng Nai', 'Biên Hòa', 'Tân Hiệp', 'Đồng Nai', 'Mạng wifi học tập dành riêng cho học sinh chuyên Lương Thế Vinh, mật khẩu: ''ltvchuyen''.', true, 'approved', 'c66e1461-311c-4d88-81d3-9fa33f4c192a');
INSERT INTO map_points (id, name, type_id, location, address, city, district, province, description, verified, status, created_by) VALUES ('39aa2cfe-934f-4565-987b-505e0c62ba47', 'High-speed Wifi THPT Ngô Quyền', 6, 'SRID=4326;POINT(106.8222 10.9524)', 'Văn phòng THPT Ngô Quyền, Quyết Thắng, Biên Hòa, Đồng Nai', 'Biên Hòa', 'Quyết Thắng', 'Đồng Nai', 'Mạng wifi trường Ngô Quyền giàu truyền thống, mật khẩu: ''ngoquyen100''.', true, 'approved', '5b7a15df-4f3c-48a4-92b5-76b0360d53ec');
INSERT INTO map_points (id, name, type_id, location, address, city, district, province, description, verified, status, created_by) VALUES ('290eb117-7104-4279-b870-a8a11ccf2805', 'Free Wifi Công viên Biên Hùng', 6, 'SRID=4326;POINT(106.8228 10.9542)', 'Đường Hưng Đạo Vương, Quyết Thắng, Biên Hòa, Đồng Nai', 'Biên Hòa', 'Quyết Thắng', 'Đồng Nai', 'Hệ thống phát sóng wifi miễn phí tốc độ cao phục vụ người dân và học sinh sinh viên giải trí.', true, 'approved', 'ebdf0dba-a4cc-4ffb-9fa1-adce7e02b4cc');
INSERT INTO map_points (id, name, type_id, location, address, city, district, province, description, verified, status, created_by) VALUES ('98138627-a15a-447b-8409-e58925a63572', 'Free Wifi Highlands Võ Thị Sáu', 6, 'SRID=4326;POINT(106.8262 10.9502)', 'Đường Võ Thị Sáu, Quyết Thắng, Biên Hòa, Đồng Nai', 'Biên Hòa', 'Quyết Thắng', 'Đồng Nai', 'Điểm truy cập mạng internet cáp quang phục vụ tự học nhóm.', true, 'approved', '211ac7c5-23be-429f-b174-ea3d9b146634');
INSERT INTO map_points (id, name, type_id, location, address, city, district, province, description, verified, status, created_by) VALUES ('63e192f7-caf9-4288-b083-222cca6f48cf', 'Free Wifi Ga Biên Hòa', 6, 'SRID=4326;POINT(106.8152 10.9535)', 'Hưng Đạo Vương, Trung Dũng, Biên Hòa', 'Biên Hòa', 'Trung Dũng', 'Đồng Nai', 'Hạ tầng phát sóng công cộng hỗ trợ tra cứu lịch trình tàu xe và kết nối internet.', true, 'approved', '7e44c667-c37a-4004-a760-d80005ca512e');
INSERT INTO map_points (id, name, type_id, location, address, city, district, province, description, verified, status, created_by) VALUES ('4f9fd33d-4c1c-496f-a1b8-75cf88b7194a', 'Free Wifi Bệnh viện Đa khoa Đồng Nai', 6, 'SRID=4326;POINT(106.8488 10.9398)', 'Đồng Khởi, Tân Hiệp, Biên Hòa', 'Biên Hòa', 'Tân Hiệp', 'Đồng Nai', 'Wifi công cộng phục vụ tra cứu thông tin y khoa và kết nối gia đình.', true, 'approved', '49a896fd-092f-43f5-ae27-4226f9758ba9');
INSERT INTO map_points (id, name, type_id, location, address, city, district, province, description, verified, status, created_by) VALUES ('51389328-8331-4047-88a3-f2947c7f06d3', 'Free Wifi Quảng trường Tỉnh Đồng Nai', 6, 'SRID=4326;POINT(106.8524 10.9492)', 'Nguyễn Ái Quốc, Tân Phong, Biên Hòa', 'Biên Hòa', 'Tân Phong', 'Đồng Nai', 'Điểm truy cập internet mở ngoài trời phục vụ người dân sinh hoạt công cộng.', true, 'approved', 'ebdf0dba-a4cc-4ffb-9fa1-adce7e02b4cc');
INSERT INTO map_points (id, name, type_id, location, address, city, district, province, description, verified, status, created_by) VALUES ('08ab6f39-310a-4e0f-b2f3-86c19acf68ee', 'Eco Garden Campus DNTU', 7, 'SRID=4326;POINT(106.8774 10.9524)', 'Khuôn viên sinh thái DNTU, Trảng Dài, Biên Hòa, Đồng Nai', 'Biên Hòa', 'Trảng Dài', 'Đồng Nai', 'Khu vườn sinh thái xanh mát tuyệt đẹp tại Đại học Công nghệ Đồng Nai, đạt chuẩn không gian xanh mát cho sinh viên tự học ngoài trời.', true, 'approved', '776755df-353c-4477-bab1-3fe2a349f3ec');
INSERT INTO map_points (id, name, type_id, location, address, city, district, province, description, verified, status, created_by) VALUES ('3423c202-7f69-499b-aabe-9cf19c19097f', 'Không Gian Xanh Đại học Lạc Hồng', 7, 'SRID=4326;POINT(106.8081 10.963)', 'Bờ sông Đồng Nai, Bửu Long, Biên Hòa, Đồng Nai', 'Biên Hòa', 'Bửu Long', 'Đồng Nai', 'Khuôn viên xanh ven sông thư thái, giảm thiểu carbon, đạt giải Green Campus.', true, 'approved', '776755df-353c-4477-bab1-3fe2a349f3ec');
INSERT INTO map_points (id, name, type_id, location, address, city, district, province, description, verified, status, created_by) VALUES ('77999801-61ba-44ef-80ba-5483aa5b6d31', 'Khuôn viên Thảo mộc DNU', 7, 'SRID=4326;POINT(106.8471 10.9422)', 'Tân Hiệp, Biên Hòa, Đồng Nai', 'Biên Hòa', 'Tân Hiệp', 'Đồng Nai', 'Không gian xanh thực nghiệm học tập môn sinh học ứng dụng của sinh viên Đồng Nai.', true, 'approved', 'eac6c760-2129-40d9-b0ab-47ea77731970');
INSERT INTO map_points (id, name, type_id, location, address, city, district, province, description, verified, status, created_by) VALUES ('8d03005a-4eee-4b13-9c6c-5b6ab77e0a92', 'Công viên Quyết Thắng', 7, 'SRID=4326;POINT(106.8222 10.9524)', 'Hưng Đạo Vương, Quyết Thắng, Biên Hòa', 'Biên Hòa', 'Quyết Thắng', 'Đồng Nai', 'Khuôn viên công viên cây xanh sạch đẹp giữa lòng thành phố Biên Hòa.', true, 'approved', 'd6db0543-03c4-4dda-a83d-9edeadde5893');
INSERT INTO map_points (id, name, type_id, location, address, city, district, province, description, verified, status, created_by) VALUES ('d9e52eef-678a-4b79-8c71-f529f65761de', 'Vườn thực vật ven sông Biên Hòa', 7, 'SRID=4326;POINT(106.8184 10.9588)', 'Nguyễn Văn Trị, Hòa Bình, Biên Hòa', 'Biên Hòa', 'Hòa Bình', 'Đồng Nai', 'Hành lang xanh ven sông trong lành phục vụ học tập nghiên cứu đa dạng sinh học phổ thông.', true, 'approved', 'd6db0543-03c4-4dda-a83d-9edeadde5893');
INSERT INTO map_points (id, name, type_id, location, address, city, district, province, description, verified, status, created_by) VALUES ('8433c659-bac9-460f-b4b1-dc835782aef0', 'DNTU Smart Coffee & Book Space', 8, 'SRID=4326;POINT(106.8782 10.9526)', 'Tòa nhà G DNTU, Trảng Dài, Biên Hòa, Đồng Nai', 'Biên Hòa', 'Trảng Dài', 'Đồng Nai', 'Quán cà phê sách nội khu thông minh độc quyền của sinh viên Đại học Công nghệ Đồng Nai, thiết kế sáng tạo cực kỳ lý tưởng cho tự học nhóm chạy deadline.', true, 'approved', 'a1265a2b-5509-4ef9-b7ec-ecd98ffae29a');
INSERT INTO map_points (id, name, type_id, location, address, city, district, province, description, verified, status, created_by) VALUES ('4102c1bc-5f82-4293-8aa1-27ffc2313f58', 'Bus Coffee - Góc học tập SV LHU', 8, 'SRID=4326;POINT(106.8089 10.9632)', 'Huỳnh Văn Nghệ, Bửu Long, Biên Hòa, Đồng Nai', 'Biên Hòa', 'Bửu Long', 'Đồng Nai', 'Địa điểm tụ họp ưa thích của hội sinh viên tự chế tạo robot và thảo luận bài tập lớn.', true, 'approved', '15115cd4-6155-4664-8963-0e5ca28866af');
INSERT INTO map_points (id, name, type_id, location, address, city, district, province, description, verified, status, created_by) VALUES ('c6c1134e-cf0d-4d95-ad1b-0a4e181b815d', 'Cà phê Sách Sư Phạm DNU', 8, 'SRID=4326;POINT(106.8479 10.9424)', 'Lê Quý Đôn, Tân Hiệp, Biên Hòa, Đồng Nai', 'Biên Hòa', 'Tân Hiệp', 'Đồng Nai', 'Điểm hẹn cà phê yên tĩnh đọc sách và thảo luận bài tập của sinh viên sư phạm trường Đại học Đồng Nai.', true, 'approved', '9a42c97a-aed7-4998-a074-65e9fcfbf017');
INSERT INTO map_points (id, name, type_id, location, address, city, district, province, description, verified, status, created_by) VALUES ('cc6a8440-7710-4d4b-8b24-ceb848fd525c', 'The Coffee House Biên Hòa', 8, 'SRID=4326;POINT(106.8324 10.9528)', 'Đường Hà Huy Giáp, Quyết Thắng, Biên Hòa', 'Biên Hòa', 'Quyết Thắng', 'Đồng Nai', 'Địa điểm học tập nhóm vô cùng yên tĩnh cùng hệ thống ánh sáng chuẩn.', true, 'approved', '2d21a5cc-5aa8-4ffb-9fe4-f2340ec6eda3');
INSERT INTO map_points (id, name, type_id, location, address, city, district, province, description, verified, status, created_by) VALUES ('941e8165-fbfb-46de-8dcd-149d177e5bc1', 'The Coffee House Võ Thị Sáu', 8, 'SRID=4326;POINT(106.8262 10.9502)', 'Võ Thị Sáu, Quyết Thắng, Biên Hòa', 'Biên Hòa', 'Quyết Thắng', 'Đồng Nai', 'Không gian quán cà phê hiện đại có bàn tự học lớn phục vụ chạy deadline.', true, 'approved', '0c5a9b85-a70a-438d-ad99-f303958a0c1b');
INSERT INTO learning_materials (id, title, description, type, subject, grade, status, author_id) VALUES ('e53914c3-39d3-46e4-8841-b0c863825af8', 'Tài liệu ôn thi THPT Quốc gia môn Toán - Sở GD&ĐT Đồng Nai', 'Tài liệu học tập hữu ích dành cho học sinh Đồng Nai biên soạn bởi các giáo viên uy tín.', 'pdf', 'Toán học', 'Lớp 12', 'published', '14945753-491c-4b87-86fc-7af8c7be72f0');
INSERT INTO learning_materials (id, title, description, type, subject, grade, status, author_id) VALUES ('fd87d4ea-0b2f-4ba0-9e4c-a2e671d0d599', 'Đề thi thử chuyên Lương Thế Vinh môn Vật Lý 2025 kèm lời giải', 'Tài liệu học tập hữu ích dành cho học sinh Đồng Nai biên soạn bởi các giáo viên uy tín.', 'pdf', 'Vật lý', 'Lớp 12', 'published', 'cb7d1933-1f8b-4f7b-9167-21a5db3638c3');
INSERT INTO learning_materials (id, title, description, type, subject, grade, status, author_id) VALUES ('9178ebe1-711a-4ce9-939a-6c937412ee17', 'Giáo trình Lập trình Python cơ bản - Khoa Công nghệ Thông tin LHU', 'Tài liệu học tập hữu ích dành cho học sinh Đồng Nai biên soạn bởi các giáo viên uy tín.', 'pdf', 'Tin học', 'Đại học', 'published', '32f3e015-7fa2-4d0f-8ffa-b3e01939f13d');
INSERT INTO learning_materials (id, title, description, type, subject, grade, status, author_id) VALUES ('f5b82703-cb68-47c9-ae84-6c2f76d83ea8', 'Đề thi tuyển sinh lớp 10 tỉnh Đồng Nai môn Anh văn các năm', 'Tài liệu học tập hữu ích dành cho học sinh Đồng Nai biên soạn bởi các giáo viên uy tín.', 'pdf', 'Tiếng Anh', 'Lớp 9', 'published', 'a23af543-1752-44df-89d8-7c38ca9ef256');
INSERT INTO learning_materials (id, title, description, type, subject, grade, status, author_id) VALUES ('22fb4fde-a33f-44b5-a4a4-4eff47df7e08', 'Đề cương ôn tập Sinh học tế bào nâng cao chuyên Lương Thế Vinh', 'Tài liệu học tập hữu ích dành cho học sinh Đồng Nai biên soạn bởi các giáo viên uy tín.', 'pdf', 'Sinh học', 'Lớp 11', 'published', '2d26e8b6-f3b7-48a0-9c75-795256eae89c');
INSERT INTO learning_materials (id, title, description, type, subject, grade, status, author_id) VALUES ('8d8eeda1-4ded-4407-88b2-b299f8e01bf7', 'Cẩm nang hướng nghiệp STEM cho học sinh THPT Biên Hòa', 'Tài liệu học tập hữu ích dành cho học sinh Đồng Nai biên soạn bởi các giáo viên uy tín.', 'video', 'Tin học', 'Lớp 10', 'published', 'd6db0543-03c4-4dda-a83d-9edeadde5893');
INSERT INTO learning_materials (id, title, description, type, subject, grade, status, author_id) VALUES ('733a009b-6ced-476b-b682-baa86d24b19b', 'Bài giảng điện tử Lịch sử hình thành Vùng đất Trấn Biên - Đồng Nai', 'Tài liệu học tập hữu ích dành cho học sinh Đồng Nai biên soạn bởi các giáo viên uy tín.', 'video', 'Lịch sử', 'Lớp 11', 'published', '4ec4d9e4-7b45-4c6a-ba06-771e06c940c5');
INSERT INTO learning_materials (id, title, description, type, subject, grade, status, author_id) VALUES ('ecd826ab-7c9d-4a38-8e73-f91e142869c5', 'Chuyên đề phương trình lượng giác ôn thi đại học THPT Trấn Biên', 'Tài liệu học tập hữu ích dành cho học sinh Đồng Nai biên soạn bởi các giáo viên uy tín.', 'pdf', 'Toán học', 'Lớp 12', 'published', '10ccae9c-0b43-4e3b-b893-ff37d7c6737f');
INSERT INTO groups (id, name, description, type, owner_id) VALUES ('5cda9acd-99e6-4e22-ae0b-6c05b55d5c47', 'Cộng đồng học sinh THPT Chuyên Lương Thế Vinh Đồng Nai', 'Nơi học tập, thảo luận trao đổi kinh nghiệm cùng giải các bài toán khó.', 'study', '5b7a15df-4f3c-48a4-92b5-76b0360d53ec');
INSERT INTO groups (id, name, description, type, owner_id) VALUES ('758a7e61-da22-4b54-8708-58278d26fb5e', 'Câu lạc bộ Robocon Đại học Lạc Hồng', 'Nơi học tập, thảo luận trao đổi kinh nghiệm cùng giải các bài toán khó.', 'club', '65b46b16-d311-447f-8761-6800402ff952');
INSERT INTO groups (id, name, description, type, owner_id) VALUES ('45062930-c17f-4fb9-9aab-ae6dcaceb55a', 'Học sinh Trấn Biên ôn thi THPT Quốc Gia', 'Nơi học tập, thảo luận trao đổi kinh nghiệm cùng giải các bài toán khó.', 'study', '816f0cb7-2227-461d-a56a-26ff826e094e');
INSERT INTO groups (id, name, description, type, owner_id) VALUES ('61f85cc2-e36b-4922-abbc-2dadceaf22c0', 'Diễn đàn STEM & Maker Space Đồng Nai', 'Nơi học tập, thảo luận trao đổi kinh nghiệm cùng giải các bài toán khó.', 'project', '6970fbcf-5e43-4e55-8330-0698c5e3c114');
INSERT INTO groups (id, name, description, type, owner_id) VALUES ('94c31ea5-e029-45e1-bedf-f6e6404c90de', 'Hội sinh viên Đồng Nai tình nguyện xanh', 'Nơi học tập, thảo luận trao đổi kinh nghiệm cùng giải các bài toán khó.', 'club', 'b2e20634-9368-477c-842a-c74924431c94');
INSERT INTO posts (id, author_id, group_id, title, content) VALUES ('4145a3cb-6f39-46c5-9115-6b1230e28c60', '7aa43ed0-2cf4-4ed0-ad3a-b9f3b3bf5190', '758a7e61-da22-4b54-8708-58278d26fb5e', 'Kinh nghiệm ôn thi môn Vật Lý đạt điểm 9+ THPT Quốc Gia', 'Bài viết chia sẻ kiến thức cực kỳ bổ ích và chi tiết dành cho các thành viên trong nhóm tham khảo và thảo luận tích cực.');
INSERT INTO posts (id, author_id, group_id, title, content) VALUES ('a2e8c2a4-2118-49ce-99d0-e6598bcfd71d', '4fc68635-08ff-4a6b-818c-f46f436b6d10', '61f85cc2-e36b-4922-abbc-2dadceaf22c0', 'Gợi ý tài liệu học Python miễn phí của khoa CNTT LHU', 'Bài viết chia sẻ kiến thức cực kỳ bổ ích và chi tiết dành cho các thành viên trong nhóm tham khảo và thảo luận tích cực.');
INSERT INTO posts (id, author_id, group_id, title, content) VALUES ('e8ae623d-278d-4b5f-8916-2f1f8e0c159e', '15f972f0-60d6-4e94-b4a1-46229118cc46', '5cda9acd-99e6-4e22-ae0b-6c05b55d5c47', 'Làm sao để đăng ký tham gia CLB Robotics Biên Hòa?', 'Bài viết chia sẻ kiến thức cực kỳ bổ ích và chi tiết dành cho các thành viên trong nhóm tham khảo và thảo luận tích cực.');
INSERT INTO posts (id, author_id, group_id, title, content) VALUES ('05e49ec7-b7a9-45f6-869f-78bcb2eb49f0', '11c29d76-58ba-4797-ba1e-721b121a9da0', '45062930-c17f-4fb9-9aab-ae6dcaceb55a', 'Thông tin về chiến dịch tình nguyện Mùa hè xanh năm nay tại Định Quán', 'Bài viết chia sẻ kiến thức cực kỳ bổ ích và chi tiết dành cho các thành viên trong nhóm tham khảo và thảo luận tích cực.');
INSERT INTO posts (id, author_id, group_id, title, content) VALUES ('54a4e28b-ecb7-4be1-a643-7d790cb18cbb', 'd6db0543-03c4-4dda-a83d-9edeadde5893', '758a7e61-da22-4b54-8708-58278d26fb5e', 'Thử thách gom chai nhựa đổi quà tại Công viên Biên Hùng', 'Bài viết chia sẻ kiến thức cực kỳ bổ ích và chi tiết dành cho các thành viên trong nhóm tham khảo và thảo luận tích cực.');
INSERT INTO badges (id, name, description, category, points_criteria, rarity) VALUES (1, 'Đại Sứ Bản Đồ', 'Đóng góp 10 địa điểm giáo dục Đồng Nai hữu ích', 'achievement', 100, 'epic');
INSERT INTO badges (id, name, description, category, points_criteria, rarity) VALUES (2, 'Chiến Binh Xanh Biên Hòa', 'Hoàn thành 3 thử thách bảo vệ môi trường xanh', 'green', 100, 'epic');
INSERT INTO badges (id, name, description, category, points_criteria, rarity) VALUES (3, 'Mentor Uy Tín', 'Hướng dẫn thành công cho hơn 10 mentee THPT', 'mentor', 100, 'epic');
INSERT INTO badges (id, name, description, category, points_criteria, rarity) VALUES (4, 'Chuyên Gia STEM', 'Tham gia 5 buổi workshop công nghệ', 'stem', 100, 'epic');
INSERT INTO badges (id, name, description, category, points_criteria, rarity) VALUES (5, 'Thủ Khoa Học Liệu', 'Upload 5 tài liệu ôn thi chất lượng được tải nhiều', 'achievement', 100, 'epic');
INSERT INTO events (id, title, description, location_point, address, start_date, end_date, type, organizer_id, status) VALUES ('0a549064-c4a8-49a6-adbd-ca7e93135331', 'Workshop Hướng nghiệp Công nghệ 4.0 - LHU 2025', 'Sự kiện quy mô lớn quy tụ nhiều học sinh, sinh viên và chuyên gia tham dự để giao lưu chia sẻ kiến thức bổ ích.', 'SRID=4326;POINT(106.8085 10.9631)', 'Hội trường lớn Đại học Lạc Hồng, Biên Hòa, Đồng Nai', '2025-05-20 08:00:00+07', '2025-05-20 12:00:00+07', 'workshop', '07673756-af2c-4902-90fd-98d6ec9eddb7', 'upcoming');
INSERT INTO events (id, title, description, location_point, address, start_date, end_date, type, organizer_id, status) VALUES ('5ccc1e26-7ced-4dcf-8038-f8c1fc7c729e', 'Ngày hội Tuyển sinh & Hướng nghiệp THPT tỉnh Đồng Nai', 'Sự kiện quy mô lớn quy tụ nhiều học sinh, sinh viên và chuyên gia tham dự để giao lưu chia sẻ kiến thức bổ ích.', 'SRID=4326;POINT(106.8475 10.9423)', 'Khuôn viên Đại học Đồng Nai, Biên Hòa, Đồng Nai', '2025-06-15 07:30:00+07', '2025-06-15 17:00:00+07', 'seminar', '6970fbcf-5e43-4e55-8330-0698c5e3c114', 'upcoming');
INSERT INTO events (id, title, description, location_point, address, start_date, end_date, type, organizer_id, status) VALUES ('96850117-c460-44ed-ac02-34c1cfbf7c92', 'Camp STEM & Robotics Biên Hòa 2025', 'Sự kiện quy mô lớn quy tụ nhiều học sinh, sinh viên và chuyên gia tham dự để giao lưu chia sẻ kiến thức bổ ích.', 'SRID=4326;POINT(106.8624 10.9482)', 'STEM Space Chuyên Lương Thế Vinh, Biên Hòa', '2025-07-10 08:00:00+07', '2025-07-12 17:00:00+07', 'camp', 'dd8b203e-90c1-4af9-b738-573875afef4b', 'upcoming');
INSERT INTO events (id, title, description, location_point, address, start_date, end_date, type, organizer_id, status) VALUES ('1cb7c6a5-d136-44db-8afb-d7cab3bdee5d', 'Chiến dịch Mùa hè xanh - Dạy học hè tại Định Quán', 'Sự kiện quy mô lớn quy tụ nhiều học sinh, sinh viên và chuyên gia tham dự để giao lưu chia sẻ kiến thức bổ ích.', 'SRID=4326;POINT(107.3501 11.2304)', 'Huyện Định Quán, Tỉnh Đồng Nai', '2025-08-01 07:00:00+07', '2025-08-25 17:00:00+07', 'camp', '36316143-8c44-451d-b18e-aec1c0681d48', 'upcoming');
INSERT INTO events (id, title, description, location_point, address, start_date, end_date, type, organizer_id, status) VALUES ('26f9e460-1922-4b79-ab79-298f5478021c', 'Hội thảo Chuyển đổi số trong Giáo dục Phổ thông Đồng Nai', 'Sự kiện quy mô lớn quy tụ nhiều học sinh, sinh viên và chuyên gia tham dự để giao lưu chia sẻ kiến thức bổ ích.', 'SRID=4326;POINT(106.8208 10.9495)', 'Thư viện Tỉnh Đồng Nai, Biên Hòa', '2025-09-05 09:00:00+07', '2025-09-05 16:30:00+07', 'seminar', 'c86633ed-219f-4268-ba5e-d0f561be9390', 'upcoming');
INSERT INTO donation_campaigns (id, title, description, organizer_id) VALUES ('154983c3-eec1-4c4c-a122-26fc7448ab5e', 'Quyên góp Sách giáo khoa & Tập vở cũ cho học sinh Định Quán, Đồng Nai', 'Chiến dịch ý nghĩa nhằm kêu gọi cộng đồng hỗ trợ trang thiết bị học tập cho các học sinh vượt khó học tốt.', '211ac7c5-23be-429f-b174-ea3d9b146634');
INSERT INTO donation_campaigns (id, title, description, organizer_id) VALUES ('e1ea53c3-7f2d-4c6f-a774-86098406f895', 'Quyên góp Laptop cũ chắp cánh ước mơ tin học vùng sâu Tân Phú', 'Chiến dịch ý nghĩa nhằm kêu gọi cộng đồng hỗ trợ trang thiết bị học tập cho các học sinh vượt khó học tốt.', 'dd8b203e-90c1-4af9-b738-573875afef4b');
INSERT INTO donation_campaigns (id, title, description, organizer_id) VALUES ('bef1af75-70a7-4173-91b4-820b0c64cbd6', 'Quỹ học bổng Trấn Biên nâng bước thủ khoa nghèo hiếu học', 'Chiến dịch ý nghĩa nhằm kêu gọi cộng đồng hỗ trợ trang thiết bị học tập cho các học sinh vượt khó học tốt.', '692998cf-6d29-4316-9370-761ab0637a8f');
INSERT INTO donation_campaigns (id, title, description, organizer_id) VALUES ('3a8670ec-7b63-42ae-8ff7-e34ec6380efa', 'Quyên góp Thiết bị Thí nghiệm STEM cho trường học vùng xa Xuân Lộc', 'Chiến dịch ý nghĩa nhằm kêu gọi cộng đồng hỗ trợ trang thiết bị học tập cho các học sinh vượt khó học tốt.', '88b48bd2-8616-4c8f-a0ae-c55d18d0355d');
INSERT INTO donations (id, donor_id, campaign_id, amount) VALUES ('22b99c63-b213-4b00-a115-8baf95b2fc75', '692998cf-6d29-4316-9370-761ab0637a8f', 'e1ea53c3-7f2d-4c6f-a774-86098406f895', 593000);
INSERT INTO donations (id, donor_id, campaign_id, amount) VALUES ('a9a92b0b-9e14-43e9-97fa-e2cdc520e9a7', 'be3fc03f-f68d-4cbe-b329-0cbc8621a4d8', '3a8670ec-7b63-42ae-8ff7-e34ec6380efa', 773000);
INSERT INTO donations (id, donor_id, campaign_id, amount) VALUES ('def97f59-0c74-408e-987f-a5e246a9ed29', '2d21a5cc-5aa8-4ffb-9fe4-f2340ec6eda3', 'bef1af75-70a7-4173-91b4-820b0c64cbd6', 131000);
INSERT INTO donations (id, donor_id, campaign_id, amount) VALUES ('f12ff3b9-2a48-4df3-a94f-d93e81972f68', 'e7ad4735-d952-4088-8237-f58315051387', 'bef1af75-70a7-4173-91b4-820b0c64cbd6', 137000);
INSERT INTO donations (id, donor_id, campaign_id, amount) VALUES ('339f6c83-0ba3-4f95-b9c4-2e13d13fb2c4', '1bba9809-62f5-4c04-ba0e-a0201f8fc6a4', '3a8670ec-7b63-42ae-8ff7-e34ec6380efa', 128000);
INSERT INTO donations (id, donor_id, campaign_id, amount) VALUES ('a7adae79-f829-426a-b4cc-265be08e3c8d', '5a4904ba-3561-4815-a68d-e862f553f686', 'bef1af75-70a7-4173-91b4-820b0c64cbd6', 378000);
INSERT INTO donations (id, donor_id, campaign_id, amount) VALUES ('d6b5a9ba-a821-48c9-9d87-f8ab08489a44', '7a00b401-b997-4511-83e9-efef9c877cdc', '3a8670ec-7b63-42ae-8ff7-e34ec6380efa', 31000);
INSERT INTO donations (id, donor_id, campaign_id, amount) VALUES ('b20c410f-b268-4d45-acda-eb6033673c0e', '96964031-8372-4203-9f93-429e47717896', '154983c3-eec1-4c4c-a122-26fc7448ab5e', 936000);
INSERT INTO donations (id, donor_id, campaign_id, amount) VALUES ('72324953-1459-49a8-8a63-d8e198a6e4db', '4f3bf9cc-90b6-4cdb-a401-20b8c94cb589', 'bef1af75-70a7-4173-91b4-820b0c64cbd6', 53000);
INSERT INTO donations (id, donor_id, campaign_id, amount) VALUES ('5ad7a57a-04c8-4184-9925-02f95b61048f', '96eeb2fa-b61c-4153-bfad-1ccd0268184d', 'bef1af75-70a7-4173-91b4-820b0c64cbd6', 533000);
INSERT INTO donations (id, donor_id, campaign_id, amount) VALUES ('35f93085-d3e9-4fd3-a209-72a7c4e23490', '5442d078-9e6c-4a22-88af-1958fd994da7', 'e1ea53c3-7f2d-4c6f-a774-86098406f895', 908000);
INSERT INTO donations (id, donor_id, campaign_id, amount) VALUES ('6f87fa04-630f-487e-96c9-e663bf5d7015', 'e7ad4735-d952-4088-8237-f58315051387', 'bef1af75-70a7-4173-91b4-820b0c64cbd6', 72000);
INSERT INTO donations (id, donor_id, campaign_id, amount) VALUES ('6c8217ed-407b-4ed7-908d-273965afc8e2', 'ba0fb9da-cb2a-4e3a-9601-96d083d0423e', '3a8670ec-7b63-42ae-8ff7-e34ec6380efa', 347000);
INSERT INTO donations (id, donor_id, campaign_id, amount) VALUES ('727cef52-8677-49f5-92e4-f9c22d80ca97', 'c86633ed-219f-4268-ba5e-d0f561be9390', 'bef1af75-70a7-4173-91b4-820b0c64cbd6', 974000);
INSERT INTO donations (id, donor_id, campaign_id, amount) VALUES ('4c2913c3-e723-4d62-b4a3-55ac6a2673f3', '07673756-af2c-4902-90fd-98d6ec9eddb7', '3a8670ec-7b63-42ae-8ff7-e34ec6380efa', 666000);
INSERT INTO donations (id, donor_id, campaign_id, amount) VALUES ('fe0b3c0a-3a27-45fc-a6bf-5b190f4c6cf4', '413c4119-e146-4e42-8898-b11daeb36188', '3a8670ec-7b63-42ae-8ff7-e34ec6380efa', 121000);
INSERT INTO donations (id, donor_id, campaign_id, amount) VALUES ('5b03de0a-3c3c-451d-b90c-44707b0c4321', 'd34e1371-ba45-4dc2-a19f-207518b82fe4', 'e1ea53c3-7f2d-4c6f-a774-86098406f895', 50000);
INSERT INTO donations (id, donor_id, campaign_id, amount) VALUES ('657dcbfd-1f9f-404e-b004-a177e7cc0624', 'a9e07ace-8178-4334-8c05-a866dfbb1280', 'bef1af75-70a7-4173-91b4-820b0c64cbd6', 562000);
INSERT INTO donations (id, donor_id, campaign_id, amount) VALUES ('d156c47f-6518-4562-bc35-98c17fedb2e5', 'eac6c760-2129-40d9-b0ab-47ea77731970', '3a8670ec-7b63-42ae-8ff7-e34ec6380efa', 912000);
INSERT INTO donations (id, donor_id, campaign_id, amount) VALUES ('91788c76-34d4-456b-8ea4-07b2ffe9e665', '74998b15-a013-467d-967c-bf6035cbc6f5', '3a8670ec-7b63-42ae-8ff7-e34ec6380efa', 543000);
INSERT INTO donations (id, donor_id, campaign_id, amount) VALUES ('71b6db3f-d1f5-43bf-80ab-6829708afb61', '96eeb2fa-b61c-4153-bfad-1ccd0268184d', 'e1ea53c3-7f2d-4c6f-a774-86098406f895', 826000);
INSERT INTO donations (id, donor_id, campaign_id, amount) VALUES ('a8dea560-b30e-47e6-86da-16c66ddf9e73', '23c3fc8e-caf9-44ec-8bc8-113fd5c7ac25', '154983c3-eec1-4c4c-a122-26fc7448ab5e', 985000);
INSERT INTO donations (id, donor_id, campaign_id, amount) VALUES ('1df8f675-ad59-4f1b-af3d-997dcf9f230a', '0fe1522e-0cf4-4e15-ac60-03d2449f4b90', 'bef1af75-70a7-4173-91b4-820b0c64cbd6', 962000);
INSERT INTO donations (id, donor_id, campaign_id, amount) VALUES ('14c152b0-689b-48bf-975d-9b62f335e395', '1991bdb9-6400-4f33-a5cc-3dfb7985b55a', 'e1ea53c3-7f2d-4c6f-a774-86098406f895', 821000);
INSERT INTO donations (id, donor_id, campaign_id, amount) VALUES ('9f1b157b-3c1c-4150-9aea-d23cb328f6a3', '0c324a79-baf6-4132-b7de-f31cda4e4035', 'bef1af75-70a7-4173-91b4-820b0c64cbd6', 295000);
INSERT INTO donations (id, donor_id, campaign_id, amount) VALUES ('d7d4e2ed-b1aa-4238-8ebd-d9412d3d7f4c', 'e7ad4735-d952-4088-8237-f58315051387', 'bef1af75-70a7-4173-91b4-820b0c64cbd6', 828000);
INSERT INTO donations (id, donor_id, campaign_id, amount) VALUES ('862e272f-6516-4c01-91e4-15196c7b87c4', '413c4119-e146-4e42-8898-b11daeb36188', 'e1ea53c3-7f2d-4c6f-a774-86098406f895', 426000);
INSERT INTO donations (id, donor_id, campaign_id, amount) VALUES ('16b40423-c5f9-4404-a2d1-55b88a608cd8', '65b46b16-d311-447f-8761-6800402ff952', '3a8670ec-7b63-42ae-8ff7-e34ec6380efa', 776000);
INSERT INTO donations (id, donor_id, campaign_id, amount) VALUES ('2e1c4e44-36d1-4662-8685-43d275c014b1', '8ab40aa7-b1ce-4b54-8a6c-26e65e73b136', '154983c3-eec1-4c4c-a122-26fc7448ab5e', 21000);
INSERT INTO donations (id, donor_id, campaign_id, amount) VALUES ('6af83aa8-15a5-4772-be23-8d9edf7ee5b6', '23c3fc8e-caf9-44ec-8bc8-113fd5c7ac25', 'e1ea53c3-7f2d-4c6f-a774-86098406f895', 468000);
INSERT INTO donations (id, donor_id, campaign_id, amount) VALUES ('932c0262-8764-4c37-af48-ee6bd3dfde5a', 'e9c11077-4efb-4c5b-beae-7b6adacf00ba', '154983c3-eec1-4c4c-a122-26fc7448ab5e', 346000);
INSERT INTO donations (id, donor_id, campaign_id, amount) VALUES ('064f4c07-f5c4-4a58-bf04-8a46b113ae3c', '9e460abd-1708-49d0-8d6a-8b70b2c6a047', 'e1ea53c3-7f2d-4c6f-a774-86098406f895', 508000);
INSERT INTO donations (id, donor_id, campaign_id, amount) VALUES ('0c82efb8-9c3e-48dd-978a-4c5fff17103d', '4ec4d9e4-7b45-4c6a-ba06-771e06c940c5', 'e1ea53c3-7f2d-4c6f-a774-86098406f895', 658000);
INSERT INTO donations (id, donor_id, campaign_id, amount) VALUES ('fe1854bf-1fe9-4f03-b9eb-f052be3eae2f', '567fd968-8b51-448f-a5fc-6b693c9dad9d', '3a8670ec-7b63-42ae-8ff7-e34ec6380efa', 822000);
INSERT INTO donations (id, donor_id, campaign_id, amount) VALUES ('de93aff7-8241-4205-a931-4c6694162673', '0f1b500e-f481-4fd4-9348-d742c7e667f9', '3a8670ec-7b63-42ae-8ff7-e34ec6380efa', 517000);
INSERT INTO donations (id, donor_id, campaign_id, amount) VALUES ('0eb64780-1997-44f4-baa8-65b58e5e283a', 'ee8bf641-0454-4a0d-8a1d-1f8dae8132a5', '3a8670ec-7b63-42ae-8ff7-e34ec6380efa', 828000);
INSERT INTO donations (id, donor_id, campaign_id, amount) VALUES ('8592d4d8-7514-4935-9384-633e938ccc0d', '2f9663fb-027c-4a5f-9ad8-ef2cb26513d2', '154983c3-eec1-4c4c-a122-26fc7448ab5e', 40000);
INSERT INTO donations (id, donor_id, campaign_id, amount) VALUES ('0f11b122-9575-43bd-a7be-e1dbcbc95a51', '2d26e8b6-f3b7-48a0-9c75-795256eae89c', 'bef1af75-70a7-4173-91b4-820b0c64cbd6', 613000);
INSERT INTO donations (id, donor_id, campaign_id, amount) VALUES ('42de06f6-d075-4281-983e-35bafa3d7ccd', '4ec4d9e4-7b45-4c6a-ba06-771e06c940c5', '154983c3-eec1-4c4c-a122-26fc7448ab5e', 53000);
INSERT INTO donations (id, donor_id, campaign_id, amount) VALUES ('17ee9c41-dd05-48f4-8d07-9f3bd74e8d36', '6970fbcf-5e43-4e55-8330-0698c5e3c114', 'e1ea53c3-7f2d-4c6f-a774-86098406f895', 363000);
INSERT INTO donations (id, donor_id, campaign_id, amount) VALUES ('fa602a53-2a83-418f-bc2f-b8445f769b1e', '6afb4e24-3d4d-430f-8fa9-ea2c4bba30e9', 'bef1af75-70a7-4173-91b4-820b0c64cbd6', 627000);
INSERT INTO donations (id, donor_id, campaign_id, amount) VALUES ('c3202484-4a32-4393-bf6f-db7b276bed4b', '10ccae9c-0b43-4e3b-b893-ff37d7c6737f', '154983c3-eec1-4c4c-a122-26fc7448ab5e', 196000);
INSERT INTO donations (id, donor_id, campaign_id, amount) VALUES ('447616f4-91c0-49b5-8b78-9d027c1b4a88', '1991bdb9-6400-4f33-a5cc-3dfb7985b55a', 'e1ea53c3-7f2d-4c6f-a774-86098406f895', 527000);
INSERT INTO donations (id, donor_id, campaign_id, amount) VALUES ('e4d0e7d3-2c75-4c02-9ac0-5c9a6603dd79', 'd34e1371-ba45-4dc2-a19f-207518b82fe4', '154983c3-eec1-4c4c-a122-26fc7448ab5e', 615000);
INSERT INTO donations (id, donor_id, campaign_id, amount) VALUES ('c9d86ca2-bb57-4aed-ae8f-7cc5fb556bbb', '5ab1302e-8e06-4d66-bc1c-5774e4da0f4f', '154983c3-eec1-4c4c-a122-26fc7448ab5e', 538000);
INSERT INTO donations (id, donor_id, campaign_id, amount) VALUES ('b9a24c29-007e-47bd-9a40-3fa37e65f795', '0c324a79-baf6-4132-b7de-f31cda4e4035', 'bef1af75-70a7-4173-91b4-820b0c64cbd6', 236000);
INSERT INTO donations (id, donor_id, campaign_id, amount) VALUES ('6136d2c2-6bf8-4a09-841a-945d2df5cd2e', 'a23af543-1752-44df-89d8-7c38ca9ef256', 'e1ea53c3-7f2d-4c6f-a774-86098406f895', 294000);
INSERT INTO donations (id, donor_id, campaign_id, amount) VALUES ('c6040d5f-bcb7-4b0b-b9a6-f30644600ada', '4ec4d9e4-7b45-4c6a-ba06-771e06c940c5', '3a8670ec-7b63-42ae-8ff7-e34ec6380efa', 309000);
INSERT INTO donations (id, donor_id, campaign_id, amount) VALUES ('4b2ffbfe-a786-4e3a-bfea-1856a48ac7b9', '5b7a15df-4f3c-48a4-92b5-76b0360d53ec', 'bef1af75-70a7-4173-91b4-820b0c64cbd6', 84000);
INSERT INTO donations (id, donor_id, campaign_id, amount) VALUES ('f88756ec-6c22-4e43-b406-5820a1168677', '2199325e-e35c-4788-b244-289093383477', '3a8670ec-7b63-42ae-8ff7-e34ec6380efa', 461000);
INSERT INTO ai_conversations (id, user_id, title) VALUES ('4f185a0e-8153-4d18-a5bc-37d231375a9f', 'd9783eed-81c9-44aa-a42b-7fbc378e213c', 'Hỏi đáp về Lộ trình học AI & Blockchain LHU');
INSERT INTO ai_conversations (id, user_id, title) VALUES ('b8f463d8-4e65-4339-baa9-e61ffeea8ed5', 'c86633ed-219f-4268-ba5e-d0f561be9390', 'Hỏi đáp về Lộ trình học AI & Blockchain LHU');
INSERT INTO ai_conversations (id, user_id, title) VALUES ('04870a19-ed3a-45dd-9625-0f10a689c91f', 'eac6c760-2129-40d9-b0ab-47ea77731970', 'Hỏi đáp về Lộ trình học AI & Blockchain LHU');
INSERT INTO ai_conversations (id, user_id, title) VALUES ('64844e26-b9ed-4613-a04d-cc648cf0ec04', '15f972f0-60d6-4e94-b4a1-46229118cc46', 'Hỏi đáp về Lộ trình học AI & Blockchain LHU');
INSERT INTO ai_conversations (id, user_id, title) VALUES ('fb35a04b-e164-4e6a-a881-42394c3034d3', 'f35a5e96-4ac4-45c3-800c-626dd13b09f0', 'Hỏi đáp về Lộ trình học AI & Blockchain LHU');
INSERT INTO ai_conversations (id, user_id, title) VALUES ('1119e066-6b2b-4789-905c-036dc53eb863', '0fe1522e-0cf4-4e15-ac60-03d2449f4b90', 'Hỏi đáp về Lộ trình học AI & Blockchain LHU');
INSERT INTO ai_conversations (id, user_id, title) VALUES ('f2019c06-05a4-43db-85b8-826bda0f0821', '49a896fd-092f-43f5-ae27-4226f9758ba9', 'Hỏi đáp về Lộ trình học AI & Blockchain LHU');
INSERT INTO ai_conversations (id, user_id, title) VALUES ('3db23ebb-7fa0-461a-bdf8-42d950f8600d', 'a9e07ace-8178-4334-8c05-a866dfbb1280', 'Hỏi đáp về Lộ trình học AI & Blockchain LHU');
INSERT INTO ai_conversations (id, user_id, title) VALUES ('4ad1bc19-882a-4436-867c-a89f3089272f', '15f972f0-60d6-4e94-b4a1-46229118cc46', 'Hỏi đáp về Lộ trình học AI & Blockchain LHU');
INSERT INTO ai_conversations (id, user_id, title) VALUES ('3aa01a30-80c9-42e1-adf8-9ce3357930a1', '211ac7c5-23be-429f-b174-ea3d9b146634', 'Hỏi đáp về Lộ trình học AI & Blockchain LHU');
INSERT INTO ai_conversations (id, user_id, title) VALUES ('35f3b129-d229-40f0-926b-0fb19e8eadd6', '70c88db9-8e4d-4f36-8631-5429a1692c2d', 'Hỏi đáp về Lộ trình học AI & Blockchain LHU');
INSERT INTO ai_conversations (id, user_id, title) VALUES ('c5f1938c-ee82-4eed-a0c7-16994ed101c7', 'c86633ed-219f-4268-ba5e-d0f561be9390', 'Hỏi đáp về Lộ trình học AI & Blockchain LHU');
INSERT INTO ai_conversations (id, user_id, title) VALUES ('2a3a9245-3e2a-4336-a838-44a73077c04b', '0c5a9b85-a70a-438d-ad99-f303958a0c1b', 'Hỏi đáp về Lộ trình học AI & Blockchain LHU');
INSERT INTO ai_conversations (id, user_id, title) VALUES ('c8f81a77-4096-4dff-b423-09aaef89c27c', '567fd968-8b51-448f-a5fc-6b693c9dad9d', 'Hỏi đáp về Lộ trình học AI & Blockchain LHU');
INSERT INTO ai_conversations (id, user_id, title) VALUES ('23b89527-24de-4674-a19e-32140973a939', '2e1711d2-4674-441e-b07a-e43334e4d79e', 'Hỏi đáp về Lộ trình học AI & Blockchain LHU');
INSERT INTO ai_conversations (id, user_id, title) VALUES ('159aed47-6517-48c2-a7f9-f27e6391e354', '5442d078-9e6c-4a22-88af-1958fd994da7', 'Hỏi đáp về Lộ trình học AI & Blockchain LHU');
INSERT INTO ai_conversations (id, user_id, title) VALUES ('31892408-0684-4178-93e4-3cfbd42aab81', '21ab239d-deec-4988-9f77-26c2911822c0', 'Hỏi đáp về Lộ trình học AI & Blockchain LHU');
INSERT INTO ai_conversations (id, user_id, title) VALUES ('928b5677-ff17-4cfc-a879-5ede17a23368', '567fd968-8b51-448f-a5fc-6b693c9dad9d', 'Hỏi đáp về Lộ trình học AI & Blockchain LHU');
INSERT INTO ai_conversations (id, user_id, title) VALUES ('c931d9e3-4cd8-4fb0-a294-8c1511a703e1', '15115cd4-6155-4664-8963-0e5ca28866af', 'Hỏi đáp về Lộ trình học AI & Blockchain LHU');
INSERT INTO ai_conversations (id, user_id, title) VALUES ('34210917-1c79-4484-aa7b-150cd7886058', '03eeb255-5b92-4129-bffa-8789f500f78b', 'Hỏi đáp về Lộ trình học AI & Blockchain LHU');
INSERT INTO career_paths (id, title, description) VALUES (1, 'Kỹ sư Phần mềm (Software Engineer)', 'Lộ trình kỹ năng lập trình web, di động và phân tích thuật toán ứng dụng.');
INSERT INTO career_paths (id, title, description) VALUES (2, 'Chuyên gia Tự động hóa & Robotics', 'Định hướng lập trình vi điều khiển, thiết kế robot công nghiệp Biên Hòa 2.');
INSERT INTO career_paths (id, title, description) VALUES (3, 'Kỹ sư Phân tích Dữ liệu (Data Analyst)', 'Lộ trình kỹ năng SQL, Python, Excel và trực quan hóa số liệu thống kê.');
INSERT INTO career_paths (id, title, description) VALUES (4, 'Giáo viên STEM & Khoa học máy tính', 'Đào tạo kỹ năng giảng dạy khoa học tích hợp cho học sinh phổ thông.');
INSERT INTO green_challenges (id, title, description, created_by) VALUES ('cf2b65e3-2bc4-4f21-91af-5e79419b2ab4', 'Thử thách gom chai nhựa tái chế - Nhận quà xanh Lạc Hồng', 'Thử thách nhằm xây dựng thói quen thân thiện với môi trường xanh trong giới học đường Biên Hòa.', '03eeb255-5b92-4129-bffa-8789f500f78b');
INSERT INTO green_challenges (id, title, description, created_by) VALUES ('90ca2816-9e27-4091-b0cd-bf7a9a388010', 'Ngày hội trồng cây bảo vệ hành lang xanh sông Đồng Nai', 'Thử thách nhằm xây dựng thói quen thân thiện với môi trường xanh trong giới học đường Biên Hòa.', 'e7ad4735-d952-4088-8237-f58315051387');
INSERT INTO green_challenges (id, title, description, created_by) VALUES ('feec18e1-c153-4f5b-a100-959b6de20052', 'Thử thách 7 ngày đi bộ/xe đạp đến trường - THPT Trấn Biên', 'Thử thách nhằm xây dựng thói quen thân thiện với môi trường xanh trong giới học đường Biên Hòa.', '49a896fd-092f-43f5-ae27-4226f9758ba9');